ID	Source	Change	Target	Source-Tagged
Guarani0057	Ha’e ombojerekuri umi kutuhakuéra poro’o	PERSON:2_SI	Nde rembojerekuri umi kutuhakuéra tuicháva	^Ha’e/Haʼe<prn><pers><p3><sg>/Haʼe<v><tv><p1><sg><pres>/Haʼe<vbser><iv><pres>$ ^ombojerekuri/*ombojerekuri$ ^umi/umi<adj><dem><pl><@amod>$ ^kutuhakuéra/kutuha<n><@compound>+kuéra<det><pl>$ ^poro’o/por<n><det><@dobj>+toʼo<n>$
Guarani0058	Ha’e ombojerekuri umi kutuhakuéra poro’o	TYPE:NEG	Ha’e ndombojereikuri umi kutuhakuéra tuicháva	^Ha’e/Haʼe<prn><pers><p3><sg>/Haʼe<v><tv><p1><sg><pres>/Haʼe<vbser><iv><pres>$ ^ombojerekuri/*ombojerekuri$ ^umi/umi<adj><dem><pl><@amod>$ ^kutuhakuéra/kutuha<n><@compound>+kuéra<det><pl>$ ^poro’o/por<n><det><@dobj>+toʼo<n>$
Guarani0059	Ha’e ombojerekuri umi kutuhakuéra poro’o	ASPECT:IPFV	Ha’e ombojerehina kuri umi kutuhakuéra tuicháva	^Ha’e/Haʼe<prn><pers><p3><sg>/Haʼe<v><tv><p1><sg><pres>/Haʼe<vbser><iv><pres>$ ^ombojerekuri/*ombojerekuri$ ^umi/umi<adj><dem><pl><@amod>$ ^kutuhakuéra/kutuha<n><@compound>+kuéra<det><pl>$ ^poro’o/por<n><det><@dobj>+toʼo<n>$
Guarani0197	Mombe’ukuéra omboty kuri pende arete	TYPE:NEG	Mombe’ukuéra ndombotyi kuri pende arete	^Mombe’ukuéra/Mombeʼu<n>+kue<post>+rã<subs>$ ^omboty/o<prn><p3><ac>+mboty<v><tv><pres>$ ^kuri/kuri<adv>/kuri<n><@dobj>$ ^pende/pende<prn><pos><p2><pl><@amod>+$ ^arete/arete<n><@dobj>$
Guarani0198	Mombe’ukuéra omboty kuri pende arete	ASPECT:IPFV	Mombe’ukuéra omboty kuri hína pende arete	^Mombe’ukuéra/Mombeʼu<n>+kue<post>+rã<subs>$ ^omboty/o<prn><p3><ac>+mboty<v><tv><pres>$ ^kuri/kuri<adv>/kuri<n><@dobj>$ ^pende/pende<prn><pos><p2><pl><@amod>+$ ^arete/arete<n><@dobj>$
Guarani0199	Mombe’ukuéra omboty kuri pende arete	PERSON:3_SI	Mombe’u omboty kuri pende arete	^Mombe’ukuéra/Mombeʼu<n>+kue<post>+rã<subs>$ ^omboty/o<prn><p3><ac>+mboty<v><tv><pres>$ ^kuri/kuri<adv>/kuri<n><@dobj>$ ^pende/pende<prn><pos><p2><pl><@amod>+$ ^arete/arete<n><@dobj>$
Guarani0200	Mombe’ukuéra omboty kuri pende arete	TENSE:FUT_SIM	Mombe’ukuéra ombotyta pende arete	^Mombe’ukuéra/Mombeʼu<n>+kue<post>+rã<subs>$ ^omboty/o<prn><p3><ac>+mboty<v><tv><pres>$ ^kuri/kuri<adv>/kuri<n><@dobj>$ ^pende/pende<prn><pos><p2><pl><@amod>+$ ^arete/arete<n><@dobj>$
Guarani0201	Mombe’ukuéra omboty kuri pende arete	TENSE:PAS_PLU	Mombe’ukuéra ombotyva’ekue pende arete	^Mombe’ukuéra/Mombeʼu<n>+kue<post>+rã<subs>$ ^omboty/o<prn><p3><ac>+mboty<v><tv><pres>$ ^kuri/kuri<adv>/kuri<n><@dobj>$ ^pende/pende<prn><pos><p2><pl><@amod>+$ ^arete/arete<n><@dobj>$
Guarani0202	Mombe’ukuéra omboty kuri pende arete	TENSE:PRE_SIM	Mombe’ukuéra omboty pende arete	^Mombe’ukuéra/Mombeʼu<n>+kue<post>+rã<subs>$ ^omboty/o<prn><p3><ac>+mboty<v><tv><pres>$ ^kuri/kuri<adv>/kuri<n><@dobj>$ ^pende/pende<prn><pos><p2><pl><@amod>+$ ^arete/arete<n><@dobj>$
Guarani0190	Peẽ napejapómi ogyke pokã	PERSON:1_PL_INC	Ñande najajapómi ogyke pokã	^Peẽ/Peẽ<prn><pers><p2><pl>$ ^napejapómi/*napejapómi$ ^ogyke/ogyke<n><@compound>$ ^pokã/pokã<n>$
Guarani0191	Peẽ napejapómi ogyke pokã	PERSON:1_PL_EXC	Ore norojapómi ogyke pokã	^Peẽ/Peẽ<prn><pers><p2><pl>$ ^napejapómi/*napejapómi$ ^ogyke/ogyke<n><@compound>$ ^pokã/pokã<n>$
Guarani0192	Peẽ napejapómi ogyke pokã	TENSE:PAS_REC	Peẽ napejapói kuri ogyke pokã	^Peẽ/Peẽ<prn><pers><p2><pl>$ ^napejapómi/*napejapómi$ ^ogyke/ogyke<n><@compound>$ ^pokã/pokã<n>$
Guarani0193	Peẽ napejapómi ogyke pokã	TENSE:PRE_SIM	Peẽ napejapói ogyke pokã	^Peẽ/Peẽ<prn><pers><p2><pl>$ ^napejapómi/*napejapómi$ ^ogyke/ogyke<n><@compound>$ ^pokã/pokã<n>$
Guarani0194	Peẽ napejapómi ogyke pokã	TYPE:AFF	Peẽ pejapomi ogyke pokã	^Peẽ/Peẽ<prn><pers><p2><pl>$ ^napejapómi/*napejapómi$ ^ogyke/ogyke<n><@compound>$ ^pokã/pokã<n>$
Guarani0195	Peẽ napejapómi ogyke pokã	PERSON:3_PL	Ha’ekuéra nojapómi ogyke pokã	^Peẽ/Peẽ<prn><pers><p2><pl>$ ^napejapómi/*napejapómi$ ^ogyke/ogyke<n><@compound>$ ^pokã/pokã<n>$
Guarani0196	Peẽ napejapómi ogyke pokã	PERSON:2_SI	Nde nderejapómi ogyke pokã	^Peẽ/Peẽ<prn><pers><p2><pl>$ ^napejapómi/*napejapómi$ ^ogyke/ogyke<n><@compound>$ ^pokã/pokã<n>$
Guarani0060	Ko po ojupi	TENSE:FUT_SIM	Ko po ojupíta	^Ko/Ko<adj><dem><sg><@amod>$ ^po/po<n><@nsubj>$ ^ojupi/o<prn><p3><ac>+jupi<v><iv><pres>$
Guarani0061	Ko po ojupi	TYPE:NEG	Ko po ndojupíri	^Ko/Ko<adj><dem><sg><@amod>$ ^po/po<n><@nsubj>$ ^ojupi/o<prn><p3><ac>+jupi<v><iv><pres>$
Guarani0062	Ko po ojupi	ASPECT:IPFV	Ko po ojupíhina	^Ko/Ko<adj><dem><sg><@amod>$ ^po/po<n><@nsubj>$ ^ojupi/o<prn><p3><ac>+jupi<v><iv><pres>$
Guarani0103	Ku mbói oñorairõ	ASPECT:IPFV	Ku mbói oñorairõ hína	^Ku/Ku<adj><@amod>/Ku<adj><dem><sg><@amod>$ ^mbói/mbói<n><@nsubj>$ ^oñorairõ/o<prn><p3><ac>+ñorairõ<v><iv><pres>/o<prn><p3><ac>+ñorairõ<v><tv><pres>$
Guarani0104	Ku mbói oñorairõ	ASPECT:INM	Ku mbói oñorairõ ikóni	^Ku/Ku<adj><@amod>/Ku<adj><dem><sg><@amod>$ ^mbói/mbói<n><@nsubj>$ ^oñorairõ/o<prn><p3><ac>+ñorairõ<v><iv><pres>/o<prn><p3><ac>+ñorairõ<v><tv><pres>$
Guarani0105	Ku mbói oñorairõ	PERSON:3_PL	Umi mbóikuera oñorairõ	^Ku/Ku<adj><@amod>/Ku<adj><dem><sg><@amod>$ ^mbói/mbói<n><@nsubj>$ ^oñorairõ/o<prn><p3><ac>+ñorairõ<v><iv><pres>/o<prn><p3><ac>+ñorairõ<v><tv><pres>$
Guarani0106	Ku mbói oñorairõ	TENSE:PAS_IMP	Ku mbói oñorairõmi	^Ku/Ku<adj><@amod>/Ku<adj><dem><sg><@amod>$ ^mbói/mbói<n><@nsubj>$ ^oñorairõ/o<prn><p3><ac>+ñorairõ<v><iv><pres>/o<prn><p3><ac>+ñorairõ<v><tv><pres>$
Guarani0107	Ku mbói oñorairõ	TENSE:FUT_SIM	Ku mbói oñorairõta	^Ku/Ku<adj><@amod>/Ku<adj><dem><sg><@amod>$ ^mbói/mbói<n><@nsubj>$ ^oñorairõ/o<prn><p3><ac>+ñorairõ<v><iv><pres>/o<prn><p3><ac>+ñorairõ<v><tv><pres>$
Guarani0108	Ku mbói oñorairõ	TYPE:NEG	Ku mbói noñorairõi	^Ku/Ku<adj><@amod>/Ku<adj><dem><sg><@amod>$ ^mbói/mbói<n><@nsubj>$ ^oñorairõ/o<prn><p3><ac>+ñorairõ<v><iv><pres>/o<prn><p3><ac>+ñorairõ<v><tv><pres>$
Guarani0083	Temirendukuéra omongakuaa	PERSON:3_SI	Temirendu omongakuaa	^Temirendukuéra/Temirendu<n><@nsubj>+kue<post>+rã<subs>$ ^omongakuaa/o<prn><p3><ac>+mongakuaa<v><tv><pres>$
Guarani0084	Temirendukuéra omongakuaa	TENSE:FUT_SIM	Temirendukuéra omongakuaata	^Temirendukuéra/Temirendu<n><@nsubj>+kue<post>+rã<subs>$ ^omongakuaa/o<prn><p3><ac>+mongakuaa<v><tv><pres>$
Guarani0085	Temirendukuéra omongakuaa	TYPE:NEG	Temirendukuéra ndomongakuaai	^Temirendukuéra/Temirendu<n><@nsubj>+kue<post>+rã<subs>$ ^omongakuaa/o<prn><p3><ac>+mongakuaa<v><tv><pres>$
Guarani0086	Temirendukuéra omongakuaa	ASPECT:IPFV	Temirendukuéra omongakuaa hína	^Temirendukuéra/Temirendu<n><@nsubj>+kue<post>+rã<subs>$ ^omongakuaa/o<prn><p3><ac>+mongakuaa<v><tv><pres>$
Guarani0087	Temirendukuéra omongakuaa	TENSE:PAS_IMP	Temirendukuéra omongakuaami	^Temirendukuéra/Temirendu<n><@nsubj>+kue<post>+rã<subs>$ ^omongakuaa/o<prn><p3><ac>+mongakuaa<v><tv><pres>$
Guarani0098	Pohanohára akãguapy ndombovuta	TENSE:PRE_SIM	Pohanohára akãguapy ndombovúi	^Pohanohára/Pohãnohára<adj><@amod>$ ^akãguapy/akãguapy<n>$ ^ndombovuta/*ndombovuta$
Guarani0099	Pohanohára akãguapy ndombovuta	TYPE:AFF	Pohanohára akãguapy ombovuta	^Pohanohára/Pohãnohára<adj><@amod>$ ^akãguapy/akãguapy<n>$ ^ndombovuta/*ndombovuta$
Guarani0100	Pohanohára akãguapy ndombovuta	TENSE:PAS_REC	Pohanohára akãguapy ndombovúi kuri	^Pohanohára/Pohãnohára<adj><@amod>$ ^akãguapy/akãguapy<n>$ ^ndombovuta/*ndombovuta$
Guarani0101	Pohanohára akãguapy ndombovuta	PERSON:3_PL	Pohanohárakuera akãguapy ndombovúita	^Pohanohára/Pohãnohára<adj><@amod>$ ^akãguapy/akãguapy<n>$ ^ndombovuta/*ndombovuta$
Guarani0102	Pohanohára akãguapy ndombovuta	TENSE:PAS_PLU	Pohanohára akãguapy ndombovúiva’ekue	^Pohanohára/Pohãnohára<adj><@amod>$ ^akãguapy/akãguapy<n>$ ^ndombovuta/*ndombovuta$
Guarani0109	Ha’e ombojára kuri mbovy apekuéra	TYPE:NEG	Ha’e ndombojárai kuri mbovy apekuéra	^Ha’e/Haʼe<prn><pers><p3><sg>/Haʼe<v><tv><p1><sg><pres>/Haʼe<vbser><iv><pres>$ ^ombojára/o<prn><p3><ac>+mboja<v><tv><pres>+rã<subs>/o<prn><p3><ac>+mbojára<v><tv><pres>$ ^kuri/kuri<adv>/kuri<n><@dobj>$ ^mbovy/mbovy<adj><ind><@amod>$ ^apekuéra/apekue<n><@dobj>+rã<subs>/ape<n><@dobj>+kuéra<det><pl>$
Guarani0110	Ha’e ombojára kuri mbovy apekuéra	PERSON:2_SI	Nde rembojára kuri mbovy apekuéra	^Ha’e/Haʼe<prn><pers><p3><sg>/Haʼe<v><tv><p1><sg><pres>/Haʼe<vbser><iv><pres>$ ^ombojára/o<prn><p3><ac>+mboja<v><tv><pres>+rã<subs>/o<prn><p3><ac>+mbojára<v><tv><pres>$ ^kuri/kuri<adv>/kuri<n><@dobj>$ ^mbovy/mbovy<adj><ind><@amod>$ ^apekuéra/apekue<n><@dobj>+rã<subs>/ape<n><@dobj>+kuéra<det><pl>$
Guarani0111	Ha’e ombojára kuri mbovy apekuéra	PERSON:1_SI	Che ambojára kuri mbovy apekuéra	^Ha’e/Haʼe<prn><pers><p3><sg>/Haʼe<v><tv><p1><sg><pres>/Haʼe<vbser><iv><pres>$ ^ombojára/o<prn><p3><ac>+mboja<v><tv><pres>+rã<subs>/o<prn><p3><ac>+mbojára<v><tv><pres>$ ^kuri/kuri<adv>/kuri<n><@dobj>$ ^mbovy/mbovy<adj><ind><@amod>$ ^apekuéra/apekue<n><@dobj>+rã<subs>/ape<n><@dobj>+kuéra<det><pl>$
Guarani0112	Ha’e ombojára kuri mbovy apekuéra	TENSE:FUT_SIM	Ha’e ombojárata mbovy apekuéra	^Ha’e/Haʼe<prn><pers><p3><sg>/Haʼe<v><tv><p1><sg><pres>/Haʼe<vbser><iv><pres>$ ^ombojára/o<prn><p3><ac>+mboja<v><tv><pres>+rã<subs>/o<prn><p3><ac>+mbojára<v><tv><pres>$ ^kuri/kuri<adv>/kuri<n><@dobj>$ ^mbovy/mbovy<adj><ind><@amod>$ ^apekuéra/apekue<n><@dobj>+rã<subs>/ape<n><@dobj>+kuéra<det><pl>$
Guarani0113	Ha’e ombojára kuri mbovy apekuéra	ASPECT:IPFV	Ha’e ombojára kuri hína mbovy apekuéra	^Ha’e/Haʼe<prn><pers><p3><sg>/Haʼe<v><tv><p1><sg><pres>/Haʼe<vbser><iv><pres>$ ^ombojára/o<prn><p3><ac>+mboja<v><tv><pres>+rã<subs>/o<prn><p3><ac>+mbojára<v><tv><pres>$ ^kuri/kuri<adv>/kuri<n><@dobj>$ ^mbovy/mbovy<adj><ind><@amod>$ ^apekuéra/apekue<n><@dobj>+rã<subs>/ape<n><@dobj>+kuéra<det><pl>$
Guarani0149	Chéngo ndaikuaái upévape.	TYPE:AFF	Chéngo aikuaá upévape.	^Chéngo/*Chéngo$ ^ndaikuaái/nd<neg>+a<prn><p1><sg><ac>+ĩ<v><iv><pres>+kuaa<v><iv><pres>+i<neg>$ ^upévape/*upévape$^./.<sent>$
Guarani0150	Chéngo ndaikuaái upévape.	TENSE:PAS_REC	Chéngo ndaikuaái kuri hina upévape.	^Chéngo/*Chéngo$ ^ndaikuaái/nd<neg>+a<prn><p1><sg><ac>+ĩ<v><iv><pres>+kuaa<v><iv><pres>+i<neg>$ ^upévape/*upévape$^./.<sent>$
Guarani0151	Chéngo ndaikuaái upévape.	PERSON:2_SI	Ndéngo ndereikuaái upévape.	^Chéngo/*Chéngo$ ^ndaikuaái/nd<neg>+a<prn><p1><sg><ac>+ĩ<v><iv><pres>+kuaa<v><iv><pres>+i<neg>$ ^upévape/*upévape$^./.<sent>$
Guarani0161	Ha’ekuéra naiñemoñaréi kuri	TYPE:AFF	Ha’ekuéra oñemoñaréi kuri	^Ha’ekuéra/Haʼekuéra<prn><pers><p3><pl>$ ^naiñemoñaréi/*naiñemoñaréi$ ^kuri/kuri<adv>/kuri<n>$
Guarani0162	Ha’ekuéra naiñemoñaréi kuri	TENSE:FUT_SIM	Ha’ekuéra naiñemoñaréita	^Ha’ekuéra/Haʼekuéra<prn><pers><p3><pl>$ ^naiñemoñaréi/*naiñemoñaréi$ ^kuri/kuri<adv>/kuri<n>$
Guarani0163	Ha’ekuéra naiñemoñaréi kuri	PERSON:1_PL_INC	Ñande naiñañemoñaréi kuri	^Ha’ekuéra/Haʼekuéra<prn><pers><p3><pl>$ ^naiñemoñaréi/*naiñemoñaréi$ ^kuri/kuri<adv>/kuri<n>$
Guarani0164	Ha’ekuéra naiñemoñaréi kuri	PERSON:1_PL_EXC	Ore nairoñemoñaréi kuri	^Ha’ekuéra/Haʼekuéra<prn><pers><p3><pl>$ ^naiñemoñaréi/*naiñemoñaréi$ ^kuri/kuri<adv>/kuri<n>$
Guarani0165	Ha’ekuéra naiñemoñaréi kuri	PERSON:2_PL	Peë naipeñemoñaréi kuri	^Ha’ekuéra/Haʼekuéra<prn><pers><p3><pl>$ ^naiñemoñaréi/*naiñemoñaréi$ ^kuri/kuri<adv>/kuri<n>$
Guarani0166	Ha’ekuéra naiñemoñaréi kuri	TENSE:PRE_SIM	Ha’ekuéra ndoñemoñaréi	^Ha’ekuéra/Haʼekuéra<prn><pers><p3><pl>$ ^naiñemoñaréi/*naiñemoñaréi$ ^kuri/kuri<adv>/kuri<n>$
Guarani0052	Apurahéi kuri	TYPE:NEG	Ndapurahéi kuri	^Apurahéi/A<prn><p1><sg><ac>+purahéi<v><tv><pres>$ ^kuri/kuri<adv>/kuri<n><@dobj>$
Guarani0053	Apurahéi kuri	ASPECT:IPFV	Apurahéihina kuri	^Apurahéi/A<prn><p1><sg><ac>+purahéi<v><tv><pres>$ ^kuri/kuri<adv>/kuri<n><@dobj>$
Guarani0054	Apurahéi kuri	TENSE:PAS_PLU	Apurahéi va’ekue	^Apurahéi/A<prn><p1><sg><ac>+purahéi<v><tv><pres>$ ^kuri/kuri<adv>/kuri<n><@dobj>$
Guarani0055	Apurahéi kuri	TENSE:FUT_SIM	Apurahéitta	^Apurahéi/A<prn><p1><sg><ac>+purahéi<v><tv><pres>$ ^kuri/kuri<adv>/kuri<n><@dobj>$
Guarani0056	Apurahéi kuri	PERSON:3_PL	Ha’ekuéra opurahéikuri	^Apurahéi/A<prn><p1><sg><ac>+purahéi<v><tv><pres>$ ^kuri/kuri<adv>/kuri<n><@dobj>$
Guarani0014	He’i ka’i ruvicha ta’ýra kuérape	PERSON:1_SI	Che, ka’i ruvicha, ha’e che ta’yrakuérape	^He’i/Heʼi<v><tv><p3><pres>/He<adv>+i<dim>/He<n><@compound>+i<dim>$ ^ka’i/kaʼi<n><@compound>/kã<n><@compound>+i<dim>$ ^ruvicha/ruvicha<n><@compound>$ ^ta’ýra/taʼyra<n><@iobj>/taʼy<n><@iobj>+rã<subs>/taʼýra<n><@iobj>$ ^kuérape/kuéra<det><pl>+pe<post>$
Guarani0015	He’i ka’i ruvicha ta’ýra kuérape	PERSON:2_SI	Nde, ka’i ruvicha ere nde ta’yrakuérape	^He’i/Heʼi<v><tv><p3><pres>/He<adv>+i<dim>/He<n><@compound>+i<dim>$ ^ka’i/kaʼi<n><@compound>/kã<n><@compound>+i<dim>$ ^ruvicha/ruvicha<n><@compound>$ ^ta’ýra/taʼyra<n><@iobj>/taʼy<n><@iobj>+rã<subs>/taʼýra<n><@iobj>$ ^kuérape/kuéra<det><pl>+pe<post>$
Guarani0016	He’i ka’i ruvicha ta’ýra kuérape	TYPE:NEG	He’i ka’i ruvicha ita’ýrakuérape	^He’i/Heʼi<v><tv><p3><pres>/He<adv>+i<dim>/He<n><@compound>+i<dim>$ ^ka’i/kaʼi<n><@compound>/kã<n><@compound>+i<dim>$ ^ruvicha/ruvicha<n><@compound>$ ^ta’ýra/taʼyra<n><@iobj>/taʼy<n><@iobj>+rã<subs>/taʼýra<n><@iobj>$ ^kuérape/kuéra<det><pl>+pe<post>$
Guarani0088	Che nañemoingeta	TENSE:PRE_SIM	Che nañemoingei	^Che/Che<prn><pos><p1><sg>+/Ché<prn><pers><p1><sg>$ ^nañemoingeta/*nañemoingeta$
Guarani0089	Che nañemoingeta	TYPE:AFF	Che añemoingeta	^Che/Che<prn><pos><p1><sg>+/Ché<prn><pers><p1><sg>$ ^nañemoingeta/*nañemoingeta$
Guarani0090	Che nañemoingeta	TENSE:PAS_IMP	Che nañemoingeimi	^Che/Che<prn><pos><p1><sg>+/Ché<prn><pers><p1><sg>$ ^nañemoingeta/*nañemoingeta$
Guarani0091	Che nañemoingeta	PERSON:2_SI	Nde nareñemoingeta	^Che/Che<prn><pos><p1><sg>+/Ché<prn><pers><p1><sg>$ ^nañemoingeta/*nañemoingeta$
Guarani0092	Che nañemoingeta	PERSON:1_PL_EXC	Ore noroñemoingeta	^Che/Che<prn><pos><p1><sg>+/Ché<prn><pers><p1><sg>$ ^nañemoingeta/*nañemoingeta$
Guarani0227	Ijuru ñeimo’ã’ỹva ndojurata che aovevekuéra - Ijuru ñeimo’ã’ỹva ndojuramo’ãi che aovevekuéra	TYPE:AFF	Ijuru ñeimo’ã’ỹva ojurata che aovevekuéra	^Ijuru/I<prn><pos><p3><@amod>+juru<n>/I<prn><pos><p3><@amod>+uru<n>$ ^ñeimo’ã’ỹva/ñeimoʼãʼỹva<adj>/ñeimoʼãʼỹ<adj>+va<subs><dem>$ ^ndojurata/nd<neg>+o<prn><p3><ac>+ju<v><iv><pres>+rã<subs>+ta<fti>$ ^che/che<prn><pos><p1><sg><@amod>+$ ^aovevekuéra/aoveve<n>+kuéra<det><pl>$ ^-/--<guio>$ ^Ijuru/I<prn><pos><p3><@amod>+juru<n>/I<prn><pos><p3><@amod>+uru<n>$ ^ñeimo’ã’ỹva/ñeimoʼãʼỹva<adj>/ñeimoʼãʼỹ<adj>+va<subs><dem>$ ^ndojuramo/nd<neg>+o<prn><p3><ac>+ju<v><iv><pres>+ramo<adv>$^’/’<apos>$^ãi/ã<adj><@amod>+i<neg>$ ^che/che<prn><pos><p1><sg><@amod>+$ ^aovevekuéra/aoveve<n>+kuéra<det><pl>$
Guarani0228	Ijuru ñeimo’ã’ỹva ndojurata che aovevekuéra - Ijuru ñeimo’ã’ỹva ndojuramo’ãi che aovevekuéra	TENSE:PAS_REC	Ijuru ñeimo’ã’ỹva ndojurai kuri che aovevekuéra	^Ijuru/I<prn><pos><p3><@amod>+juru<n>/I<prn><pos><p3><@amod>+uru<n>$ ^ñeimo’ã’ỹva/ñeimoʼãʼỹva<adj>/ñeimoʼãʼỹ<adj>+va<subs><dem>$ ^ndojurata/nd<neg>+o<prn><p3><ac>+ju<v><iv><pres>+rã<subs>+ta<fti>$ ^che/che<prn><pos><p1><sg><@amod>+$ ^aovevekuéra/aoveve<n>+kuéra<det><pl>$ ^-/--<guio>$ ^Ijuru/I<prn><pos><p3><@amod>+juru<n>/I<prn><pos><p3><@amod>+uru<n>$ ^ñeimo’ã’ỹva/ñeimoʼãʼỹva<adj>/ñeimoʼãʼỹ<adj>+va<subs><dem>$ ^ndojuramo/nd<neg>+o<prn><p3><ac>+ju<v><iv><pres>+ramo<adv>$^’/’<apos>$^ãi/ã<adj><@amod>+i<neg>$ ^che/che<prn><pos><p1><sg><@amod>+$ ^aovevekuéra/aoveve<n>+kuéra<det><pl>$
Guarani0229	Ijuru ñeimo’ã’ỹva ndojurata che aovevekuéra - Ijuru ñeimo’ã’ỹva ndojuramo’ãi che aovevekuéra	TENSE:PAS_IMP	Ijuru ñeimo’ã’ỹva ndojuraimi che aovevekuéra	^Ijuru/I<prn><pos><p3><@amod>+juru<n>/I<prn><pos><p3><@amod>+uru<n>$ ^ñeimo’ã’ỹva/ñeimoʼãʼỹva<adj>/ñeimoʼãʼỹ<adj>+va<subs><dem>$ ^ndojurata/nd<neg>+o<prn><p3><ac>+ju<v><iv><pres>+rã<subs>+ta<fti>$ ^che/che<prn><pos><p1><sg><@amod>+$ ^aovevekuéra/aoveve<n>+kuéra<det><pl>$ ^-/--<guio>$ ^Ijuru/I<prn><pos><p3><@amod>+juru<n>/I<prn><pos><p3><@amod>+uru<n>$ ^ñeimo’ã’ỹva/ñeimoʼãʼỹva<adj>/ñeimoʼãʼỹ<adj>+va<subs><dem>$ ^ndojuramo/nd<neg>+o<prn><p3><ac>+ju<v><iv><pres>+ramo<adv>$^’/’<apos>$^ãi/ã<adj><@amod>+i<neg>$ ^che/che<prn><pos><p1><sg><@amod>+$ ^aovevekuéra/aoveve<n>+kuéra<det><pl>$
Guarani0230	Ijuru ñeimo’ã’ỹva ndojurata che aovevekuéra - Ijuru ñeimo’ã’ỹva ndojuramo’ãi che aovevekuéra	TENSE:PAS_PLU	Ijuru ñeimo’ã’ỹva ndojuraiva’ekue che aovevekuéra	^Ijuru/I<prn><pos><p3><@amod>+juru<n>/I<prn><pos><p3><@amod>+uru<n>$ ^ñeimo’ã’ỹva/ñeimoʼãʼỹva<adj>/ñeimoʼãʼỹ<adj>+va<subs><dem>$ ^ndojurata/nd<neg>+o<prn><p3><ac>+ju<v><iv><pres>+rã<subs>+ta<fti>$ ^che/che<prn><pos><p1><sg><@amod>+$ ^aovevekuéra/aoveve<n>+kuéra<det><pl>$ ^-/--<guio>$ ^Ijuru/I<prn><pos><p3><@amod>+juru<n>/I<prn><pos><p3><@amod>+uru<n>$ ^ñeimo’ã’ỹva/ñeimoʼãʼỹva<adj>/ñeimoʼãʼỹ<adj>+va<subs><dem>$ ^ndojuramo/nd<neg>+o<prn><p3><ac>+ju<v><iv><pres>+ramo<adv>$^’/’<apos>$^ãi/ã<adj><@amod>+i<neg>$ ^che/che<prn><pos><p1><sg><@amod>+$ ^aovevekuéra/aoveve<n>+kuéra<det><pl>$
Guarani0231	Ijuru ñeimo’ã’ỹva ndojurata che aovevekuéra - Ijuru ñeimo’ã’ỹva ndojuramo’ãi che aovevekuéra	TENSE:PRE_SIM	Ijuru ñeimo’ã’ỹva ndojurai che aovevekuéra	^Ijuru/I<prn><pos><p3><@amod>+juru<n>/I<prn><pos><p3><@amod>+uru<n>$ ^ñeimo’ã’ỹva/ñeimoʼãʼỹva<adj>/ñeimoʼãʼỹ<adj>+va<subs><dem>$ ^ndojurata/nd<neg>+o<prn><p3><ac>+ju<v><iv><pres>+rã<subs>+ta<fti>$ ^che/che<prn><pos><p1><sg><@amod>+$ ^aovevekuéra/aoveve<n>+kuéra<det><pl>$ ^-/--<guio>$ ^Ijuru/I<prn><pos><p3><@amod>+juru<n>/I<prn><pos><p3><@amod>+uru<n>$ ^ñeimo’ã’ỹva/ñeimoʼãʼỹva<adj>/ñeimoʼãʼỹ<adj>+va<subs><dem>$ ^ndojuramo/nd<neg>+o<prn><p3><ac>+ju<v><iv><pres>+ramo<adv>$^’/’<apos>$^ãi/ã<adj><@amod>+i<neg>$ ^che/che<prn><pos><p1><sg><@amod>+$ ^aovevekuéra/aoveve<n>+kuéra<det><pl>$
Guarani0128	Che ajavými iñeikotevẽva akuápe	TYPE:NEG	Che ndajavýimi iñeikotevẽva akuápe	^Che/Ché<prn><pers><p1><sg><@nsubj>$ ^ajavými/a<prn><p1><sg><ac>+javy<v><iv>+mi<pii>/a<prn><p1><sg><ac>+javy<v><tv>+mi<pii>/a<prn><p1><sg><ac>+javy<v><iv>+mi<dim>/a<prn><p1><sg><ac>+javy<v><tv>+mi<dim>$ ^iñeikotevẽva/i<prn><pos><p3><@amod>+ñeikotevẽva<adj>/i<prn><pos><p3><@amod>+ñeikotevẽva<n>/i<prn><pos><p3><@amod>+ñeikotevẽ<n>+va<subs><dem>$ ^akuápe/akua<adj>+pe<post>$
Guarani0129	Che ajavými iñeikotevẽva akuápe	ASPECT:IPFV	Che ajavýimi hína iñeikotevẽva akuápe	^Che/Ché<prn><pers><p1><sg><@nsubj>$ ^ajavými/a<prn><p1><sg><ac>+javy<v><iv>+mi<pii>/a<prn><p1><sg><ac>+javy<v><tv>+mi<pii>/a<prn><p1><sg><ac>+javy<v><iv>+mi<dim>/a<prn><p1><sg><ac>+javy<v><tv>+mi<dim>$ ^iñeikotevẽva/i<prn><pos><p3><@amod>+ñeikotevẽva<adj>/i<prn><pos><p3><@amod>+ñeikotevẽva<n>/i<prn><pos><p3><@amod>+ñeikotevẽ<n>+va<subs><dem>$ ^akuápe/akua<adj>+pe<post>$
Guarani0130	Che ajavými iñeikotevẽva akuápe	TENSE:FUT_SIM	Che ajavýta iñeikotevẽva akuápe	^Che/Ché<prn><pers><p1><sg><@nsubj>$ ^ajavými/a<prn><p1><sg><ac>+javy<v><iv>+mi<pii>/a<prn><p1><sg><ac>+javy<v><tv>+mi<pii>/a<prn><p1><sg><ac>+javy<v><iv>+mi<dim>/a<prn><p1><sg><ac>+javy<v><tv>+mi<dim>$ ^iñeikotevẽva/i<prn><pos><p3><@amod>+ñeikotevẽva<adj>/i<prn><pos><p3><@amod>+ñeikotevẽva<n>/i<prn><pos><p3><@amod>+ñeikotevẽ<n>+va<subs><dem>$ ^akuápe/akua<adj>+pe<post>$
Guarani0131	Che ajavými iñeikotevẽva akuápe	TENSE:PRE_SIM	Che ajavy iñeikotevẽva akuápe	^Che/Ché<prn><pers><p1><sg><@nsubj>$ ^ajavými/a<prn><p1><sg><ac>+javy<v><iv>+mi<pii>/a<prn><p1><sg><ac>+javy<v><tv>+mi<pii>/a<prn><p1><sg><ac>+javy<v><iv>+mi<dim>/a<prn><p1><sg><ac>+javy<v><tv>+mi<dim>$ ^iñeikotevẽva/i<prn><pos><p3><@amod>+ñeikotevẽva<adj>/i<prn><pos><p3><@amod>+ñeikotevẽva<n>/i<prn><pos><p3><@amod>+ñeikotevẽ<n>+va<subs><dem>$ ^akuápe/akua<adj>+pe<post>$
Guarani0132	Che ajavými iñeikotevẽva akuápe	PERSON:2_PL	Nde rejavýimi iñeikotevẽva akuápe	^Che/Ché<prn><pers><p1><sg><@nsubj>$ ^ajavými/a<prn><p1><sg><ac>+javy<v><iv>+mi<pii>/a<prn><p1><sg><ac>+javy<v><tv>+mi<pii>/a<prn><p1><sg><ac>+javy<v><iv>+mi<dim>/a<prn><p1><sg><ac>+javy<v><tv>+mi<dim>$ ^iñeikotevẽva/i<prn><pos><p3><@amod>+ñeikotevẽva<adj>/i<prn><pos><p3><@amod>+ñeikotevẽva<n>/i<prn><pos><p3><@amod>+ñeikotevẽ<n>+va<subs><dem>$ ^akuápe/akua<adj>+pe<post>$
Guarani0133	Che ajavými iñeikotevẽva akuápe	PERSON:1_SI_INC	Ñande jajavýimi iñeikotevẽva akuápe	^Che/Ché<prn><pers><p1><sg><@nsubj>$ ^ajavými/a<prn><p1><sg><ac>+javy<v><iv>+mi<pii>/a<prn><p1><sg><ac>+javy<v><tv>+mi<pii>/a<prn><p1><sg><ac>+javy<v><iv>+mi<dim>/a<prn><p1><sg><ac>+javy<v><tv>+mi<dim>$ ^iñeikotevẽva/i<prn><pos><p3><@amod>+ñeikotevẽva<adj>/i<prn><pos><p3><@amod>+ñeikotevẽva<n>/i<prn><pos><p3><@amod>+ñeikotevẽ<n>+va<subs><dem>$ ^akuápe/akua<adj>+pe<post>$
Guarani0134	Che ajavými iñeikotevẽva akuápe	PERSON:1_SI_EXC	Ore rojavýimi iñeikotevẽva akuápe	^Che/Ché<prn><pers><p1><sg><@nsubj>$ ^ajavými/a<prn><p1><sg><ac>+javy<v><iv>+mi<pii>/a<prn><p1><sg><ac>+javy<v><tv>+mi<pii>/a<prn><p1><sg><ac>+javy<v><iv>+mi<dim>/a<prn><p1><sg><ac>+javy<v><tv>+mi<dim>$ ^iñeikotevẽva/i<prn><pos><p3><@amod>+ñeikotevẽva<adj>/i<prn><pos><p3><@amod>+ñeikotevẽva<n>/i<prn><pos><p3><@amod>+ñeikotevẽ<n>+va<subs><dem>$ ^akuápe/akua<adj>+pe<post>$
Guarani0114	Ore ndorokuave’ẽi umi tembi’ukuéra pytagua	TYPE:AFF	Ore rokuave’ẽ umi tembi’ukuéra pytagua	^Ore/Oré<prn><pers><p1><pl><@nsubj>$ ^ndorokuave’ẽi/nd<neg>+o<prn><p3><ac>+ro<prn><pro><p2><sg><acc>+kuaveʼẽ<v><tv><pres>+i<neg>$ ^umi/umi<adj><dem><pl><@amod>$ ^tembi’ukuéra/tembiʼu<n><@compound>+kue<post>+rã<subs>$ ^pytagua/pyta<n><@dobj>+gua<post>/pytã<n><@dobj>+gua<post>$
Guarani0115	Ore ndorokuave’ẽi umi tembi’ukuéra pytagua	ASPECT:IPFV	Ore ndorokuave’ẽi hina umi tembi’ukuéra pytagua	^Ore/Oré<prn><pers><p1><pl><@nsubj>$ ^ndorokuave’ẽi/nd<neg>+o<prn><p3><ac>+ro<prn><pro><p2><sg><acc>+kuaveʼẽ<v><tv><pres>+i<neg>$ ^umi/umi<adj><dem><pl><@amod>$ ^tembi’ukuéra/tembiʼu<n><@compound>+kue<post>+rã<subs>$ ^pytagua/pyta<n><@dobj>+gua<post>/pytã<n><@dobj>+gua<post>$
Guarani0116	Ore ndorokuave’ẽi umi tembi’ukuéra pytagua	ASPECT:INM	Ore ndorokuave’ẽi ikóni umi tembi’ukuéra pytagua	^Ore/Oré<prn><pers><p1><pl><@nsubj>$ ^ndorokuave’ẽi/nd<neg>+o<prn><p3><ac>+ro<prn><pro><p2><sg><acc>+kuaveʼẽ<v><tv><pres>+i<neg>$ ^umi/umi<adj><dem><pl><@amod>$ ^tembi’ukuéra/tembiʼu<n><@compound>+kue<post>+rã<subs>$ ^pytagua/pyta<n><@dobj>+gua<post>/pytã<n><@dobj>+gua<post>$
Guarani0117	Ore ndorokuave’ẽi umi tembi’ukuéra pytagua	TENSE:PAS_IMP	Ore ndorokuave’ẽimi umi tembi’ukuéra pytagua	^Ore/Oré<prn><pers><p1><pl><@nsubj>$ ^ndorokuave’ẽi/nd<neg>+o<prn><p3><ac>+ro<prn><pro><p2><sg><acc>+kuaveʼẽ<v><tv><pres>+i<neg>$ ^umi/umi<adj><dem><pl><@amod>$ ^tembi’ukuéra/tembiʼu<n><@compound>+kue<post>+rã<subs>$ ^pytagua/pyta<n><@dobj>+gua<post>/pytã<n><@dobj>+gua<post>$
Guarani0118	Ore ndorokuave’ẽi umi tembi’ukuéra pytagua	PERSON:1_PL_INC	Ñande ndañakuave’ẽi umi tembi’ukuéra pytagua	^Ore/Oré<prn><pers><p1><pl><@nsubj>$ ^ndorokuave’ẽi/nd<neg>+o<prn><p3><ac>+ro<prn><pro><p2><sg><acc>+kuaveʼẽ<v><tv><pres>+i<neg>$ ^umi/umi<adj><dem><pl><@amod>$ ^tembi’ukuéra/tembiʼu<n><@compound>+kue<post>+rã<subs>$ ^pytagua/pyta<n><@dobj>+gua<post>/pytã<n><@dobj>+gua<post>$
Guarani0119	Ore ndorokuave’ẽi umi tembi’ukuéra pytagua	PERSON:1_SI	Che ndaikuave’ẽi umi tembi’ukuéra pytagua	^Ore/Oré<prn><pers><p1><pl><@nsubj>$ ^ndorokuave’ẽi/nd<neg>+o<prn><p3><ac>+ro<prn><pro><p2><sg><acc>+kuaveʼẽ<v><tv><pres>+i<neg>$ ^umi/umi<adj><dem><pl><@amod>$ ^tembi’ukuéra/tembiʼu<n><@compound>+kue<post>+rã<subs>$ ^pytagua/pyta<n><@dobj>+gua<post>/pytã<n><@dobj>+gua<post>$
Guarani0120	Ore ndorokuave’ẽi umi tembi’ukuéra pytagua	PERSON:2_PL	Nde ndereikuave’ẽi umi tembi’ukuéra pytagua	^Ore/Oré<prn><pers><p1><pl><@nsubj>$ ^ndorokuave’ẽi/nd<neg>+o<prn><p3><ac>+ro<prn><pro><p2><sg><acc>+kuaveʼẽ<v><tv><pres>+i<neg>$ ^umi/umi<adj><dem><pl><@amod>$ ^tembi’ukuéra/tembiʼu<n><@compound>+kue<post>+rã<subs>$ ^pytagua/pyta<n><@dobj>+gua<post>/pytã<n><@dobj>+gua<post>$
Guarani0251	Nde reñembosarái hína	ASPECT:-	Nde reñembosarái	^Nde/Nde<prn><pos><p2><sg>+$ ^reñembosarái/re<prn><p2><sg><ac>+ñembosarái<v><tv><pres>$ ^hína/hína<aux><impf><p3>$
Guarani0252	Nde reñembosarái hína	TYPE:NEG	Nde nereñembosaráiri hína	^Nde/Nde<prn><pos><p2><sg>+$ ^reñembosarái/re<prn><p2><sg><ac>+ñembosarái<v><tv><pres>$ ^hína/hína<aux><impf><p3>$
Guarani0253	Nde reñembosarái hína	PERSON:1_SI	Che añembosarái hína	^Nde/Nde<prn><pos><p2><sg>+$ ^reñembosarái/re<prn><p2><sg><ac>+ñembosarái<v><tv><pres>$ ^hína/hína<aux><impf><p3>$
Guarani0254	Nde reñembosarái hína	ASPECT:INM	Nde reñembosarái ikóni	^Nde/Nde<prn><pos><p2><sg>+$ ^reñembosarái/re<prn><p2><sg><ac>+ñembosarái<v><tv><pres>$ ^hína/hína<aux><impf><p3>$
Guarani0255	Nde reñembosarái hína	TENSE:FUT_SIM	Nde reñembosaráita hína	^Nde/Nde<prn><pos><p2><sg>+$ ^reñembosarái/re<prn><p2><sg><ac>+ñembosarái<v><tv><pres>$ ^hína/hína<aux><impf><p3>$
Guarani0256	Nde reñembosarái hína	TENSE:PAS_REC	Nde reñembosarái kuri hína	^Nde/Nde<prn><pos><p2><sg>+$ ^reñembosarái/re<prn><p2><sg><ac>+ñembosarái<v><tv><pres>$ ^hína/hína<aux><impf><p3>$
Guarani0257	Nde reñembosarái hína	PERSON:3_PL	Ha’ekuéra oñembosarái hína	^Nde/Nde<prn><pos><p2><sg>+$ ^reñembosarái/re<prn><p2><sg><ac>+ñembosarái<v><tv><pres>$ ^hína/hína<aux><impf><p3>$
Guarani0217	Amo ñemuha osapukái kuri	TYPE:NEG	Amo ñemuha nosapukái kuri	^Amo/Amo<adj><dem><sg><@amod>$ ^ñemuha/ñemuha<n><@nsubj>/ñemu<n><@nsubj>+ha<subs>$ ^osapukái/o<prn><p3><ac>+sapukái<v><iv><pres>/o<prn><p3><ac>+sapukái<v><tv><pres>$ ^kuri/kuri<adv>/kuri<n><@dobj>$
Guarani0218	Amo ñemuha osapukái kuri	PERSON:3_PL	Umíva ñemuhakuéra osapukái kuri	^Amo/Amo<adj><dem><sg><@amod>$ ^ñemuha/ñemuha<n><@nsubj>/ñemu<n><@nsubj>+ha<subs>$ ^osapukái/o<prn><p3><ac>+sapukái<v><iv><pres>/o<prn><p3><ac>+sapukái<v><tv><pres>$ ^kuri/kuri<adv>/kuri<n><@dobj>$
Guarani0219	Amo ñemuha osapukái kuri	TENSE:FUT_SIM	Amo ñemuha osapukáita	^Amo/Amo<adj><dem><sg><@amod>$ ^ñemuha/ñemuha<n><@nsubj>/ñemu<n><@nsubj>+ha<subs>$ ^osapukái/o<prn><p3><ac>+sapukái<v><iv><pres>/o<prn><p3><ac>+sapukái<v><tv><pres>$ ^kuri/kuri<adv>/kuri<n><@dobj>$
Guarani0220	Amo ñemuha osapukái kuri	ASPECT:IPFV	Amo ñemuha osapukái kuri hína	^Amo/Amo<adj><dem><sg><@amod>$ ^ñemuha/ñemuha<n><@nsubj>/ñemu<n><@nsubj>+ha<subs>$ ^osapukái/o<prn><p3><ac>+sapukái<v><iv><pres>/o<prn><p3><ac>+sapukái<v><tv><pres>$ ^kuri/kuri<adv>/kuri<n><@dobj>$
Guarani0221	Amo ñemuha osapukái kuri	TENSE:PAS_PLU	Amo ñemuha osapukáiva’ekue	^Amo/Amo<adj><dem><sg><@amod>$ ^ñemuha/ñemuha<n><@nsubj>/ñemu<n><@nsubj>+ha<subs>$ ^osapukái/o<prn><p3><ac>+sapukái<v><iv><pres>/o<prn><p3><ac>+sapukái<v><tv><pres>$ ^kuri/kuri<adv>/kuri<n><@dobj>$
Guarani0001	Jaguarete katu itáicha okirirĩ.	PERSON:1_SI	Che katu itáicha akirirĩ.	^Jaguarete/Jaguarete<n>$ ^katu/katu<cnjcoo>$ ^itáicha/i<prn><pos><p3><@amod>+tai<n>+icha<comp>/i<prn><pos><p3><@amod>+tái<adj>+icha<comp>$ ^okirirĩ/o<prn><p3><ac>+kirirĩ<v><iv><pres>/o<prn><p3><ac>+kirirĩ<v><tv><pres>$^./.<sent>$
Guarani0002	Jaguarete katu itáicha okirirĩ.	PERSON:2_SI	Nde katu itáicha rekirirĩ.	^Jaguarete/Jaguarete<n>$ ^katu/katu<cnjcoo>$ ^itáicha/i<prn><pos><p3><@amod>+tai<n>+icha<comp>/i<prn><pos><p3><@amod>+tái<adj>+icha<comp>$ ^okirirĩ/o<prn><p3><ac>+kirirĩ<v><iv><pres>/o<prn><p3><ac>+kirirĩ<v><tv><pres>$^./.<sent>$
Guarani0003	Jaguarete katu itáicha okirirĩ.	TYPE:NEG	Jaguarete katu itáicha ndokirirĩ.	^Jaguarete/Jaguarete<n>$ ^katu/katu<cnjcoo>$ ^itáicha/i<prn><pos><p3><@amod>+tai<n>+icha<comp>/i<prn><pos><p3><@amod>+tái<adj>+icha<comp>$ ^okirirĩ/o<prn><p3><ac>+kirirĩ<v><iv><pres>/o<prn><p3><ac>+kirirĩ<v><tv><pres>$^./.<sent>$
Guarani0004	Jaguarete katu itáicha okirirĩ.	TENSE:FUT_SIM	Jaguarete katu itáicha okirirĩta.	^Jaguarete/Jaguarete<n>$ ^katu/katu<cnjcoo>$ ^itáicha/i<prn><pos><p3><@amod>+tai<n>+icha<comp>/i<prn><pos><p3><@amod>+tái<adj>+icha<comp>$ ^okirirĩ/o<prn><p3><ac>+kirirĩ<v><iv><pres>/o<prn><p3><ac>+kirirĩ<v><tv><pres>$^./.<sent>$
Guarani0141	Pakova roguépe omo’â hembi’ukuéra.	TYPE:NEG	Pakova roguépe ndomo’âi hembi’ukuéra.	^Pakova/Pakova<n><@iobj>$ ^roguépe/ro<prn><p1><pl><ac>+gue<v><iv><pres>+pe<post>/ro<prn><obj><p3><sg>+gue<v><iv><pres>+pe<post>/ro<prn><pro><p2><sg><in>+gue<v><iv><pres>+pe<post>$ ^omo’â/o<v><tv>+mo’ã<fti>$ ^hembi’ukuéra/*hembi’ukuéra$^./.<sent>$
Guarani0142	Pakova roguépe omo’â hembi’ukuéra.	PERSON:2_PL	Pakova roguépe pemo’â penderembi’ukuéra.	^Pakova/Pakova<n><@iobj>$ ^roguépe/ro<prn><p1><pl><ac>+gue<v><iv><pres>+pe<post>/ro<prn><obj><p3><sg>+gue<v><iv><pres>+pe<post>/ro<prn><pro><p2><sg><in>+gue<v><iv><pres>+pe<post>$ ^omo’â/o<v><tv>+mo’ã<fti>$ ^hembi’ukuéra/*hembi’ukuéra$^./.<sent>$
Guarani0143	Pakova roguépe omo’â hembi’ukuéra.	PERSON:2_SI	Pakova roguépe remo’â nderembi’ukuéra.	^Pakova/Pakova<n><@iobj>$ ^roguépe/ro<prn><p1><pl><ac>+gue<v><iv><pres>+pe<post>/ro<prn><obj><p3><sg>+gue<v><iv><pres>+pe<post>/ro<prn><pro><p2><sg><in>+gue<v><iv><pres>+pe<post>$ ^omo’â/o<v><tv>+mo’ã<fti>$ ^hembi’ukuéra/*hembi’ukuéra$^./.<sent>$
Guarani0144	Pakova roguépe omo’â hembi’ukuéra.	PERSON:1_SI	Pakova roguépe amo’â cherembi’ukuéra.	^Pakova/Pakova<n><@iobj>$ ^roguépe/ro<prn><p1><pl><ac>+gue<v><iv><pres>+pe<post>/ro<prn><obj><p3><sg>+gue<v><iv><pres>+pe<post>/ro<prn><pro><p2><sg><in>+gue<v><iv><pres>+pe<post>$ ^omo’â/o<v><tv>+mo’ã<fti>$ ^hembi’ukuéra/*hembi’ukuéra$^./.<sent>$
Guarani0203	Ha’e ojupi kuri	PERSON:1_SI	Che ajupi kuri	^Ha’e/Haʼe<prn><pers><p3><sg>/Haʼe<v><tv><p1><sg><pres>/Haʼe<vbser><iv><pres>$ ^ojupi/o<prn><pos><p3><@amod>+jupi<adj>$ ^kuri/kuri<n><@dobj>$
Guarani0204	Ha’e ojupi kuri	PERSON:1_PL_INC	Ñande jajupi kuri	^Ha’e/Haʼe<prn><pers><p3><sg>/Haʼe<v><tv><p1><sg><pres>/Haʼe<vbser><iv><pres>$ ^ojupi/o<prn><pos><p3><@amod>+jupi<adj>$ ^kuri/kuri<n><@dobj>$
Guarani0205	Ha’e ojupi kuri	ASPECT:IPFV	Ha’e ojupi kuri hína	^Ha’e/Haʼe<prn><pers><p3><sg>/Haʼe<v><tv><p1><sg><pres>/Haʼe<vbser><iv><pres>$ ^ojupi/o<prn><pos><p3><@amod>+jupi<adj>$ ^kuri/kuri<n><@dobj>$
Guarani0206	Ha’e ojupi kuri	ASPECT:INM	Ha’e ojupi kuri ikóni	^Ha’e/Haʼe<prn><pers><p3><sg>/Haʼe<v><tv><p1><sg><pres>/Haʼe<vbser><iv><pres>$ ^ojupi/o<prn><pos><p3><@amod>+jupi<adj>$ ^kuri/kuri<n><@dobj>$
Guarani0207	Ha’e ojupi kuri	TENSE:FUT_SIM	Ha’e ojupita	^Ha’e/Haʼe<prn><pers><p3><sg>/Haʼe<v><tv><p1><sg><pres>/Haʼe<vbser><iv><pres>$ ^ojupi/o<prn><pos><p3><@amod>+jupi<adj>$ ^kuri/kuri<n><@dobj>$
Guarani0208	Ha’e ojupi kuri	PERSON:2_SI	Nde rejupi kuri	^Ha’e/Haʼe<prn><pers><p3><sg>/Haʼe<v><tv><p1><sg><pres>/Haʼe<vbser><iv><pres>$ ^ojupi/o<prn><pos><p3><@amod>+jupi<adj>$ ^kuri/kuri<n><@dobj>$
Guarani0209	Ha’e ojupi kuri	TYPE:NEG	Ha’e ndojupirí kuri	^Ha’e/Haʼe<prn><pers><p3><sg>/Haʼe<v><tv><p1><sg><pres>/Haʼe<vbser><iv><pres>$ ^ojupi/o<prn><pos><p3><@amod>+jupi<adj>$ ^kuri/kuri<n><@dobj>$
Guarani0005	Che mba’éma ko ykua	PERSON:2_SI	Nde mba’e ko ykua	^Che/Ché<prn><pers><p1><sg>$ ^mba’éma/mbaʼe<n>+ma<adv>$ ^ko/ko<adj><dem><sg><@amod>$ ^ykua/ykua<n>$
Guarani0006	Che mba’éma ko ykua	PERSON:1_SI_INC	Ñande mba’e ko ykua	^Che/Ché<prn><pers><p1><sg>$ ^mba’éma/mbaʼe<n>+ma<adv>$ ^ko/ko<adj><dem><sg><@amod>$ ^ykua/ykua<n>$
Guarani0007	Che mba’éma ko ykua	PERSON:1_SI_EXC	Ore mba’e ko ykua	^Che/Ché<prn><pers><p1><sg>$ ^mba’éma/mbaʼe<n>+ma<adv>$ ^ko/ko<adj><dem><sg><@amod>$ ^ykua/ykua<n>$
Guarani0008	Che mba’éma ko ykua	TYPE:NEG	Ndachemba’ei ko ykua	^Che/Ché<prn><pers><p1><sg>$ ^mba’éma/mbaʼe<n>+ma<adv>$ ^ko/ko<adj><dem><sg><@amod>$ ^ykua/ykua<n>$
Guarani0009	Che mba’éma ko ykua	TENSE:FUT_SIM	Che mba’éta ko ykua	^Che/Ché<prn><pers><p1><sg>$ ^mba’éma/mbaʼe<n>+ma<adv>$ ^ko/ko<adj><dem><sg><@amod>$ ^ykua/ykua<n>$
Guarani0222	Ha’e ndombojaruita	TYPE:AFF	Ha’e ombojaruita	^Ha’e/Haʼe<prn><pers><p3><sg>/Haʼe<v><tv><p1><sg><pres>/Haʼe<vbser><iv><pres>$ ^ndombojaruita/*ndombojaruita$
Guarani0223	Ha’e ndombojaruita	PERSON:2_SI	Nde nderembojarui mo’ãi	^Ha’e/Haʼe<prn><pers><p3><sg>/Haʼe<v><tv><p1><sg><pres>/Haʼe<vbser><iv><pres>$ ^ndombojaruita/*ndombojaruita$
Guarani0224	Ha’e ndombojaruita	TENSE:PAS_REC	Ha’e ndombojarui kuri	^Ha’e/Haʼe<prn><pers><p3><sg>/Haʼe<v><tv><p1><sg><pres>/Haʼe<vbser><iv><pres>$ ^ndombojaruita/*ndombojaruita$
Guarani0225	Ha’e ndombojaruita	ASPECT:IPFV	Ha’e ndombojaruita hína	^Ha’e/Haʼe<prn><pers><p3><sg>/Haʼe<v><tv><p1><sg><pres>/Haʼe<vbser><iv><pres>$ ^ndombojaruita/*ndombojaruita$
Guarani0226	Ha’e ndombojaruita	PERSON:1_SI	Che ndambojaruita	^Ha’e/Haʼe<prn><pers><p3><sg>/Haʼe<v><tv><p1><sg><pres>/Haʼe<vbser><iv><pres>$ ^ndombojaruita/*ndombojaruita$
Guarani0026	Ha’e oguapy	PERSON:3_PL	Hikuái oguapy	^Ha’e/Haʼe<prn><pers><p3><sg>/Haʼe<v><tv><p1><sg><pres>/Haʼe<vbser><iv><pres>$ ^oguapy/o<prn><p3><ac>+guapy<v><iv><pres>/o<prn><p3><ac>+guapy<v><tv><pres>$
Guarani0027	Ha’e oguapy	TYPE:NEG	Ha’e ndoguapýi	^Ha’e/Haʼe<prn><pers><p3><sg>/Haʼe<v><tv><p1><sg><pres>/Haʼe<vbser><iv><pres>$ ^oguapy/o<prn><p3><ac>+guapy<v><iv><pres>/o<prn><p3><ac>+guapy<v><tv><pres>$
Guarani0028	Ha’e oguapy	PERSON:1_SI	Che aguapy	^Ha’e/Haʼe<prn><pers><p3><sg>/Haʼe<v><tv><p1><sg><pres>/Haʼe<vbser><iv><pres>$ ^oguapy/o<prn><p3><ac>+guapy<v><iv><pres>/o<prn><p3><ac>+guapy<v><tv><pres>$
Guarani0029	Ha’e oguapy	PERSON:2_SI	Nde reguapy	^Ha’e/Haʼe<prn><pers><p3><sg>/Haʼe<v><tv><p1><sg><pres>/Haʼe<vbser><iv><pres>$ ^oguapy/o<prn><p3><ac>+guapy<v><iv><pres>/o<prn><p3><ac>+guapy<v><tv><pres>$
Guarani0030	Ha’e oguapy	PERSON:2_PL	Peẽ peguapy	^Ha’e/Haʼe<prn><pers><p3><sg>/Haʼe<v><tv><p1><sg><pres>/Haʼe<vbser><iv><pres>$ ^oguapy/o<prn><p3><ac>+guapy<v><iv><pres>/o<prn><p3><ac>+guapy<v><tv><pres>$
Guarani0031	Ha’e oguapy	TENSE:FUT_SIM	Ha’e oguapýta	^Ha’e/Haʼe<prn><pers><p3><sg>/Haʼe<v><tv><p1><sg><pres>/Haʼe<vbser><iv><pres>$ ^oguapy/o<prn><p3><ac>+guapy<v><iv><pres>/o<prn><p3><ac>+guapy<v><tv><pres>$
Guarani0032	Ha’e oguapy	TENSE:PAS_PLU	Ha’e oguapýva’ekue	^Ha’e/Haʼe<prn><pers><p3><sg>/Haʼe<v><tv><p1><sg><pres>/Haʼe<vbser><iv><pres>$ ^oguapy/o<prn><p3><ac>+guapy<v><iv><pres>/o<prn><p3><ac>+guapy<v><tv><pres>$
Guarani0033	Ha’e oguapy	TENSE:PAS_REC	Ha’e oguapýkuri	^Ha’e/Haʼe<prn><pers><p3><sg>/Haʼe<v><tv><p1><sg><pres>/Haʼe<vbser><iv><pres>$ ^oguapy/o<prn><p3><ac>+guapy<v><iv><pres>/o<prn><p3><ac>+guapy<v><tv><pres>$
Guarani0063	Nde nderemoheñói	TYPE:AFF	Nde remoheñói	^Nde/Nde<prn><pos><p2><sg>+$ ^nderemoheñói/*nderemoheñói$
Guarani0064	Nde nderemoheñói	TENSE:PAS_REC, TYPE:AFF	Nde nderemoheñóikuri	^Nde/Nde<prn><pos><p2><sg>+$ ^nderemoheñói/*nderemoheñói$
Guarani0065	Nde nderemoheñói	PERSON:1_PL_INC	Ñande ndañamoheñói	^Nde/Nde<prn><pos><p2><sg>+$ ^nderemoheñói/*nderemoheñói$
Guarani0066	Nde nderemoheñói	PERSON:3_PL	Ha’ekuéra ndomoheñoi	^Nde/Nde<prn><pos><p2><sg>+$ ^nderemoheñói/*nderemoheñói$
Guarani0121	Ha’e nombotujaimi che ogyke - Ha’e ndombyaimi che ogyke	TYPE:AFF	Ha’e ombotujaimi che ogyke - Ha’e ombyaimi che ogyke	^Ha’e/Haʼe<prn><pers><p3><sg>/Haʼe<v><tv><p1><sg><pres>/Haʼe<vbser><iv><pres>$ ^nombotujaimi/*nombotujaimi$ ^che/che<prn><pos><p1><sg><@amod>+$ ^ogyke/ogyke<n><@dobj>$ ^-/--<guio>$ ^Ha’e/Haʼe<prn><pers><p3><sg>/Haʼe<v><tv><p1><sg><pres>/Haʼe<vbser><iv><pres>$ ^ndombyaimi/nd<neg>+o<prn><p3><ac>+mbyai<v><tv>+mi<pii>/nd<neg>+o<prn><p3><ac>+mbyai<v><tv>+mi<dim>$ ^che/che<prn><pos><p1><sg><@amod>+$ ^ogyke/ogyke<n><@dobj>$
Guarani0122	Ha’e nombotujaimi che ogyke - Ha’e ndombyaimi che ogyke	TENSE:PAS_REC	Ha’e ndombotujaikuri hina che ogyke - Ha’e ndombyaikuri hina che ogyke	^Ha’e/Haʼe<prn><pers><p3><sg>/Haʼe<v><tv><p1><sg><pres>/Haʼe<vbser><iv><pres>$ ^nombotujaimi/*nombotujaimi$ ^che/che<prn><pos><p1><sg><@amod>+$ ^ogyke/ogyke<n><@dobj>$ ^-/--<guio>$ ^Ha’e/Haʼe<prn><pers><p3><sg>/Haʼe<v><tv><p1><sg><pres>/Haʼe<vbser><iv><pres>$ ^ndombyaimi/nd<neg>+o<prn><p3><ac>+mbyai<v><tv>+mi<pii>/nd<neg>+o<prn><p3><ac>+mbyai<v><tv>+mi<dim>$ ^che/che<prn><pos><p1><sg><@amod>+$ ^ogyke/ogyke<n><@dobj>$
Guarani0123	Ha’e nombotujaimi che ogyke - Ha’e ndombyaimi che ogyke	PERSON:2_SI	Nde nderembotujáimi che ogyke - Nde nerembyaimi che ogyke	^Ha’e/Haʼe<prn><pers><p3><sg>/Haʼe<v><tv><p1><sg><pres>/Haʼe<vbser><iv><pres>$ ^nombotujaimi/*nombotujaimi$ ^che/che<prn><pos><p1><sg><@amod>+$ ^ogyke/ogyke<n><@dobj>$ ^-/--<guio>$ ^Ha’e/Haʼe<prn><pers><p3><sg>/Haʼe<v><tv><p1><sg><pres>/Haʼe<vbser><iv><pres>$ ^ndombyaimi/nd<neg>+o<prn><p3><ac>+mbyai<v><tv>+mi<pii>/nd<neg>+o<prn><p3><ac>+mbyai<v><tv>+mi<dim>$ ^che/che<prn><pos><p1><sg><@amod>+$ ^ogyke/ogyke<n><@dobj>$
Guarani0124	Ha’e nombotujaimi che ogyke - Ha’e ndombyaimi che ogyke	PERSON:1_PL_INC	Ñande ndañambotujáimi che ogyke - Ñande ndañambyaimi che ogyke	^Ha’e/Haʼe<prn><pers><p3><sg>/Haʼe<v><tv><p1><sg><pres>/Haʼe<vbser><iv><pres>$ ^nombotujaimi/*nombotujaimi$ ^che/che<prn><pos><p1><sg><@amod>+$ ^ogyke/ogyke<n><@dobj>$ ^-/--<guio>$ ^Ha’e/Haʼe<prn><pers><p3><sg>/Haʼe<v><tv><p1><sg><pres>/Haʼe<vbser><iv><pres>$ ^ndombyaimi/nd<neg>+o<prn><p3><ac>+mbyai<v><tv>+mi<pii>/nd<neg>+o<prn><p3><ac>+mbyai<v><tv>+mi<dim>$ ^che/che<prn><pos><p1><sg><@amod>+$ ^ogyke/ogyke<n><@dobj>$
Guarani0125	Ha’e nombotujaimi che ogyke - Ha’e ndombyaimi che ogyke	TENSE:FUT_SIM	Ha’e ombotujáta che ogyke - Ha’e ombyaíta che ogyke	^Ha’e/Haʼe<prn><pers><p3><sg>/Haʼe<v><tv><p1><sg><pres>/Haʼe<vbser><iv><pres>$ ^nombotujaimi/*nombotujaimi$ ^che/che<prn><pos><p1><sg><@amod>+$ ^ogyke/ogyke<n><@dobj>$ ^-/--<guio>$ ^Ha’e/Haʼe<prn><pers><p3><sg>/Haʼe<v><tv><p1><sg><pres>/Haʼe<vbser><iv><pres>$ ^ndombyaimi/nd<neg>+o<prn><p3><ac>+mbyai<v><tv>+mi<pii>/nd<neg>+o<prn><p3><ac>+mbyai<v><tv>+mi<dim>$ ^che/che<prn><pos><p1><sg><@amod>+$ ^ogyke/ogyke<n><@dobj>$
Guarani0126	Ha’e nombotujaimi che ogyke - Ha’e ndombyaimi che ogyke	TENSE:PAS_PLU	Ha’e ndombotujáiva’ekue che ogyke - Ha’e ndombyaiva’ekue che ogyke	^Ha’e/Haʼe<prn><pers><p3><sg>/Haʼe<v><tv><p1><sg><pres>/Haʼe<vbser><iv><pres>$ ^nombotujaimi/*nombotujaimi$ ^che/che<prn><pos><p1><sg><@amod>+$ ^ogyke/ogyke<n><@dobj>$ ^-/--<guio>$ ^Ha’e/Haʼe<prn><pers><p3><sg>/Haʼe<v><tv><p1><sg><pres>/Haʼe<vbser><iv><pres>$ ^ndombyaimi/nd<neg>+o<prn><p3><ac>+mbyai<v><tv>+mi<pii>/nd<neg>+o<prn><p3><ac>+mbyai<v><tv>+mi<dim>$ ^che/che<prn><pos><p1><sg><@amod>+$ ^ogyke/ogyke<n><@dobj>$
Guarani0127	Ha’e nombotujaimi che ogyke - Ha’e ndombyaimi che ogyke	PERSON:1_SI, TENSE:FUT_SIM	Che ndambotujamoái che ogyke - Che ndambyaimoái che ogyke	^Ha’e/Haʼe<prn><pers><p3><sg>/Haʼe<v><tv><p1><sg><pres>/Haʼe<vbser><iv><pres>$ ^nombotujaimi/*nombotujaimi$ ^che/che<prn><pos><p1><sg><@amod>+$ ^ogyke/ogyke<n><@dobj>$ ^-/--<guio>$ ^Ha’e/Haʼe<prn><pers><p3><sg>/Haʼe<v><tv><p1><sg><pres>/Haʼe<vbser><iv><pres>$ ^ndombyaimi/nd<neg>+o<prn><p3><ac>+mbyai<v><tv>+mi<pii>/nd<neg>+o<prn><p3><ac>+mbyai<v><tv>+mi<dim>$ ^che/che<prn><pos><p1><sg><@amod>+$ ^ogyke/ogyke<n><@dobj>$
Guarani0152	Ama oikomi ka’aguy hovy’ûvare	PERSON:2_SI	Nde reikomi ka’aguy hovy’ûvare	^Ama/Ama<n>/Ã<adj>+ma<adv>/Ã<n>+ma<adv>$ ^oikomi/*oikomi$ ^ka’aguy/kaʼaguy<n>/kaʼaguy<v><tv>/kaʼaguy<v><tv><pres>$ ^hovy/hovy<adj>$^’/’<apos>$^ûvare/*ûvare$
Guarani0153	Ama oikomi ka’aguy hovy’ûvare	TYPE:NEG	Ama ndoikomi ka’aguy hovy’ûvare	^Ama/Ama<n>/Ã<adj>+ma<adv>/Ã<n>+ma<adv>$ ^oikomi/*oikomi$ ^ka’aguy/kaʼaguy<n>/kaʼaguy<v><tv>/kaʼaguy<v><tv><pres>$ ^hovy/hovy<adj>$^’/’<apos>$^ûvare/*ûvare$
Guarani0154	Ama oikomi ka’aguy hovy’ûvare	TENSE:PRE_SIM	Ama oiko ka’aguy hovy’ûvare	^Ama/Ama<n>/Ã<adj>+ma<adv>/Ã<n>+ma<adv>$ ^oikomi/*oikomi$ ^ka’aguy/kaʼaguy<n>/kaʼaguy<v><tv>/kaʼaguy<v><tv><pres>$ ^hovy/hovy<adj>$^’/’<apos>$^ûvare/*ûvare$
Guarani0155	Ama oikomi ka’aguy hovy’ûvare	PERSON:1_SI	Che aikomi ka’aguy hovy’ûvare	^Ama/Ama<n>/Ã<adj>+ma<adv>/Ã<n>+ma<adv>$ ^oikomi/*oikomi$ ^ka’aguy/kaʼaguy<n>/kaʼaguy<v><tv>/kaʼaguy<v><tv><pres>$ ^hovy/hovy<adj>$^’/’<apos>$^ûvare/*ûvare$
Guarani0145	Oipuru hikuái ka’a ha ho’u terere.	PERSON:1_PL_INC	Ñande jaipuru ka’a ha ja’u terere.	^Oipuru/O<prn><p3><ac>+puru<v><tv><pres>$ ^hikuái/hikuái<aux><impf><p3>$ ^ka’a/kaʼa<n><@compound>$ ^ha/ha<n><@dobj>$ ^ho’u/hoʼu<v><tv><p3><pres>$ ^terere/terere<n><@dobj>$^./.<sent>$
Guarani0146	Oipuru hikuái ka’a ha ho’u terere.	TYPE:NEG	Ndoipurui hikuái ka’a térã ho’u terere.	^Oipuru/O<prn><p3><ac>+puru<v><tv><pres>$ ^hikuái/hikuái<aux><impf><p3>$ ^ka’a/kaʼa<n><@compound>$ ^ha/ha<n><@dobj>$ ^ho’u/hoʼu<v><tv><p3><pres>$ ^terere/terere<n><@dobj>$^./.<sent>$
Guarani0147	Oipuru hikuái ka’a ha ho’u terere.	PERSON:2_SI	Nde reipuru ka’a ha re’u terere.	^Oipuru/O<prn><p3><ac>+puru<v><tv><pres>$ ^hikuái/hikuái<aux><impf><p3>$ ^ka’a/kaʼa<n><@compound>$ ^ha/ha<n><@dobj>$ ^ho’u/hoʼu<v><tv><p3><pres>$ ^terere/terere<n><@dobj>$^./.<sent>$
Guarani0148	Oipuru hikuái ka’a ha ho’u terere.	TENSE:FUT_SIM	Oipuruta hikuái ka’a ha ho’uta terere.	^Oipuru/O<prn><p3><ac>+puru<v><tv><pres>$ ^hikuái/hikuái<aux><impf><p3>$ ^ka’a/kaʼa<n><@compound>$ ^ha/ha<n><@dobj>$ ^ho’u/hoʼu<v><tv><p3><pres>$ ^terere/terere<n><@dobj>$^./.<sent>$
Guarani0156	Ko mombe’upy ohenduká kuri chéve che ru.	TYPE:NEG	Ko mombe’upy ndohenduká kuri chéve che ru.	^Ko/Ko<adj><dem><sg><@amod>$ ^mombe’upy/mombeʼupy<n><@nsubj>$ ^ohenduká/o<prn><p3><ac>+henduka<v><tv><pres>$ ^kuri/kuri<adv>/kuri<n><@dobj>$ ^chéve/che<prn><pro><p1><sg><in>+ve<adj>/che<prn><pro><p1><sg><in>+ve<n>$ ^che/che<prn><pos><p1><sg><@amod>+$ ^ru/ru<n><@dobj>$^./.<sent>$
Guarani0157	Ko mombe’upy ohenduká kuri chéve che ru.	PERSON:2_SI	Ko mombe’upy emohenduká kuri chéve nde.	^Ko/Ko<adj><dem><sg><@amod>$ ^mombe’upy/mombeʼupy<n><@nsubj>$ ^ohenduká/o<prn><p3><ac>+henduka<v><tv><pres>$ ^kuri/kuri<adv>/kuri<n><@dobj>$ ^chéve/che<prn><pro><p1><sg><in>+ve<adj>/che<prn><pro><p1><sg><in>+ve<n>$ ^che/che<prn><pos><p1><sg><@amod>+$ ^ru/ru<n><@dobj>$^./.<sent>$
Guarani0158	Ko mombe’upy ohenduká kuri chéve che ru.	PERSON:2_PL	Ko mombe’upy pemohenduká kuri chéve peê.	^Ko/Ko<adj><dem><sg><@amod>$ ^mombe’upy/mombeʼupy<n><@nsubj>$ ^ohenduká/o<prn><p3><ac>+henduka<v><tv><pres>$ ^kuri/kuri<adv>/kuri<n><@dobj>$ ^chéve/che<prn><pro><p1><sg><in>+ve<adj>/che<prn><pro><p1><sg><in>+ve<n>$ ^che/che<prn><pos><p1><sg><@amod>+$ ^ru/ru<n><@dobj>$^./.<sent>$
Guarani0159	Ko mombe’upy ohenduká kuri chéve che ru.	TENSE:FUT_SIM	Ko mombe’upy ohendukáta chéve che ru.	^Ko/Ko<adj><dem><sg><@amod>$ ^mombe’upy/mombeʼupy<n><@nsubj>$ ^ohenduká/o<prn><p3><ac>+henduka<v><tv><pres>$ ^kuri/kuri<adv>/kuri<n><@dobj>$ ^chéve/che<prn><pro><p1><sg><in>+ve<adj>/che<prn><pro><p1><sg><in>+ve<n>$ ^che/che<prn><pos><p1><sg><@amod>+$ ^ru/ru<n><@dobj>$^./.<sent>$
Guarani0160	Ko mombe’upy ohenduká kuri chéve che ru.	TENSE:PRE_SIM	Ko mombe’upy ohenduka chéve che ru.	^Ko/Ko<adj><dem><sg><@amod>$ ^mombe’upy/mombeʼupy<n><@nsubj>$ ^ohenduká/o<prn><p3><ac>+henduka<v><tv><pres>$ ^kuri/kuri<adv>/kuri<n><@dobj>$ ^chéve/che<prn><pro><p1><sg><in>+ve<adj>/che<prn><pro><p1><sg><in>+ve<n>$ ^che/che<prn><pos><p1><sg><@amod>+$ ^ru/ru<n><@dobj>$^./.<sent>$
Guarani0034	Upérö (che) añani hína kuri	TENSE:PRE_SIM	Upérõ (che) añani hína	^Upérö/Upe<prn><dem><sg>+rõ<post>$ ^(/(<lpar>$^che/che<prn><pos><p1><sg>+/ché<prn><pers><p1><sg>$^)/)<rpar>$ ^añani/a<prn><p1><sg><ac>+ñani<v><iv><pres>$ ^hína/hína<aux><impf><p3>$ ^kuri/kuri<adv>/kuri<n>$
Guarani0035	Upérö (che) añani hína kuri	TENSE:FUT_SIM	Upérõ (che) añanita hína	^Upérö/Upe<prn><dem><sg>+rõ<post>$ ^(/(<lpar>$^che/che<prn><pos><p1><sg>+/ché<prn><pers><p1><sg>$^)/)<rpar>$ ^añani/a<prn><p1><sg><ac>+ñani<v><iv><pres>$ ^hína/hína<aux><impf><p3>$ ^kuri/kuri<adv>/kuri<n>$
Guarani0036	Upérö (che) añani hína kuri	TENSE:PAS_PLU	Upérõ (che) añanihínava’ekue	^Upérö/Upe<prn><dem><sg>+rõ<post>$ ^(/(<lpar>$^che/che<prn><pos><p1><sg>+/ché<prn><pers><p1><sg>$^)/)<rpar>$ ^añani/a<prn><p1><sg><ac>+ñani<v><iv><pres>$ ^hína/hína<aux><impf><p3>$ ^kuri/kuri<adv>/kuri<n>$
Guarani0037	Upérö (che) añani hína kuri	PERSON:2_SI	Upérõ (nde) reñanihínakuri	^Upérö/Upe<prn><dem><sg>+rõ<post>$ ^(/(<lpar>$^che/che<prn><pos><p1><sg>+/ché<prn><pers><p1><sg>$^)/)<rpar>$ ^añani/a<prn><p1><sg><ac>+ñani<v><iv><pres>$ ^hína/hína<aux><impf><p3>$ ^kuri/kuri<adv>/kuri<n>$
Guarani0038	Upérö (che) añani hína kuri	PERSON:1_PL_INC	Upérõ (ñande) ñañanihínakuri	^Upérö/Upe<prn><dem><sg>+rõ<post>$ ^(/(<lpar>$^che/che<prn><pos><p1><sg>+/ché<prn><pers><p1><sg>$^)/)<rpar>$ ^añani/a<prn><p1><sg><ac>+ñani<v><iv><pres>$ ^hína/hína<aux><impf><p3>$ ^kuri/kuri<adv>/kuri<n>$
Guarani0078	Okũmbymi hikuái	TENSE:PAS_REC	Okũmby kuri hikuái.	^Okũmbymi/*Okũmbymi$ ^hikuái/hikuái<aux><impf><p3>$
Guarani0079	Okũmbymi hikuái	TENSE:FUT_SIM	Okũmbyta hikuái.	^Okũmbymi/*Okũmbymi$ ^hikuái/hikuái<aux><impf><p3>$
Guarani0080	Okũmbymi hikuái	PERSON:1_PL_INC	Ñande ñakũmbýimi	^Okũmbymi/*Okũmbymi$ ^hikuái/hikuái<aux><impf><p3>$
Guarani0081	Okũmbymi hikuái	PERSON:1_SI	Che akũmbymi	^Okũmbymi/*Okũmbymi$ ^hikuái/hikuái<aux><impf><p3>$
Guarani0082	Okũmbymi hikuái	TYPE:NEG	Ndokũmbýimi hikuái	^Okũmbymi/*Okũmbymi$ ^hikuái/hikuái<aux><impf><p3>$
Guarani0017	Nde nderejapói	TYPE:AFF	Nde rejapo	^Nde/Nde<prn><pos><p2><sg>+$ ^nderejapói/*nderejapói$
Guarani0018	Nde nderejapói	TENSE:PAS_REC, TYPE:AFF	Nde nderejapókuri	^Nde/Nde<prn><pos><p2><sg>+$ ^nderejapói/*nderejapói$
Guarani0019	Nde nderejapói	PERSON:1_PL_INC	Ñande ndajajapói	^Nde/Nde<prn><pos><p2><sg>+$ ^nderejapói/*nderejapói$
Guarani0020	Nde nderejapói	PERSON:3_PL	Ha’ekuéra ndojapói	^Nde/Nde<prn><pos><p2><sg>+$ ^nderejapói/*nderejapói$
Guarani0185	Ore temimbo’e tie’ỹ ojapopami	TENSE:PRE_SIM	Ore temimbo’e tie’ỹ ojapopa	^Ore/Oré<prn><pers><p1><pl>$ ^temimbo’e/temimboʼe<n>$ ^tie’ỹ/tieʼỹ<adj>$ ^ojapopami/*ojapopami$
Guarani0186	Ore temimbo’e tie’ỹ ojapopami	PERSON:3_PL	Ore temimbo’ekuéra tie’ỹ ojapopami	^Ore/Oré<prn><pers><p1><pl>$ ^temimbo’e/temimboʼe<n>$ ^tie’ỹ/tieʼỹ<adj>$ ^ojapopami/*ojapopami$
Guarani0187	Ore temimbo’e tie’ỹ ojapopami	TYPE:NEG	Ore temimbo’e tie’ỹ nojapopami	^Ore/Oré<prn><pers><p1><pl>$ ^temimbo’e/temimboʼe<n>$ ^tie’ỹ/tieʼỹ<adj>$ ^ojapopami/*ojapopami$
Guarani0188	Ore temimbo’e tie’ỹ ojapopami	TENSE:FUT_SIM	Ore temimbo’e tie’ỹ ojapopata	^Ore/Oré<prn><pers><p1><pl>$ ^temimbo’e/temimboʼe<n>$ ^tie’ỹ/tieʼỹ<adj>$ ^ojapopami/*ojapopami$
Guarani0189	Ore temimbo’e tie’ỹ ojapopami	TENSE:PAS_PLU	Ore temimbo’e tie’ỹ ojapopava’ekue	^Ore/Oré<prn><pers><p1><pl>$ ^temimbo’e/temimboʼe<n>$ ^tie’ỹ/tieʼỹ<adj>$ ^ojapopami/*ojapopami$
Guarani0039	Che rasy	TENSE:PAS_REC	Che cherasy kuri	^Che/Che<prn><pos><p1><sg><@amod>+$ ^rasy/rasy<n>$
Guarani0040	Che rasy	TENSE:PAS_PLU	Che cherasy va’ekue	^Che/Che<prn><pos><p1><sg><@amod>+$ ^rasy/rasy<n>$
Guarani0041	Che rasy	TYPE:NEG	Ndacherásyi	^Che/Che<prn><pos><p1><sg><@amod>+$ ^rasy/rasy<n>$
Guarani0042	Che rasy	ASPECT:IPFV	Che rasypota hina	^Che/Che<prn><pos><p1><sg><@amod>+$ ^rasy/rasy<n>$
Guarani0043	Che rasy	PERSON:2_SI	Nde nderasy	^Che/Che<prn><pos><p1><sg><@amod>+$ ^rasy/rasy<n>$
Guarani0044	Che rasy	PERSON:3_SI	Ha’e hasy	^Che/Che<prn><pos><p1><sg><@amod>+$ ^rasy/rasy<n>$
Guarani0045	Che rasy	PERSON:1_PL_INC	Ñande rasy	^Che/Che<prn><pos><p1><sg><@amod>+$ ^rasy/rasy<n>$
Guarani0046	Che rasy	PERSON:1_PL_EXC	Ore rorasy	^Che/Che<prn><pos><p1><sg><@amod>+$ ^rasy/rasy<n>$
Guarani0047	Che rasy	PERSON:2_PL	Peê penderasy	^Che/Che<prn><pos><p1><sg><@amod>+$ ^rasy/rasy<n>$
